time,dataset,apnea_type,excerpt,file,test_acc,n_train,n_test,epochs
07/02/2021 17:04 PM,patchAllisterW,osa,6,results/results.csv,0.7255806028842926,441,189,30,(15/0.1/0.3)
07/02/2021 17:16 PM,patchAllisterW,osa,8,results/results.csv,0.9327139630913734,385,165,30,(3/0.05/0.3), cannot get negative sequences thus class imbalance 
07/02/2021 17:34 PM,patchAllisterW,osa,8,results/results.csv,0.6770833432674408,374,160,30
07/02/2021 20:55 PM,patchAllisterW,osa,8,results/results.csv,0.8250868022441864,491,210,30, (3/0.1/0.2)
07/03/2021 18:36 PM,patchAllisterW,osa,123,results/results.csv,0.7444444596767426,183,78,16
07/03/2021 18:42 PM,dreams,osa,1,results/results.csv,0.8690043240785599,1921,824,16
07/03/2021 18:47 PM,dreams,osa,1,results/results.csv,0.8822115361690521,1921,824,15
07/03/2021 18:57 PM,dreams,osa,1,results/results.csv,0.7708333283662796,308,132,10
07/03/2021 18:58 PM,dreams,osa,1,results/results.csv,0.890625,308,132,10
07/03/2021 19:00 PM,dreams,osa,1,results/results.csv,0.6614583432674408,308,132,10
07/03/2021 19:01 PM,dreams,osa,1,results/results.csv,0.8125,308,132,30
07/04/2021 13:30 PM,mit,osa,37,results/results.csv,0.5135416388511658,610,262,15
07/04/2021 20:10 PM,mit,osa,37,results/results.csv,0.8499999940395355,610,262,15
07/04/2021 20:12 PM,mit,osa,37,results/results.csv,0.7895833253860474,610,262,30
07/04/2021 20:37 PM,dreams,osa,1,results/results.csv,0.5254807472229004,360,154,60
07/04/2021 20:39 PM,dreams,osa,1,results/results.csv,0.44218748807907104,244,104,30
07/04/2021 20:42 PM,dreams,osa,2,results/results.csv,0.5853658616542816,97,41,30
07/04/2021 20:45 PM,dreams,osa,2,results/results.csv,0.6703124940395355,174,74,30
07/04/2021 21:29 PM,dreams,osa,2,results/results.csv,0.6312499940395355,174,74,30
07/04/2021 21:32 PM,dreams,osa,3,results/results.csv,0.6460937559604645,505,217,30
07/04/2021 21:35 PM,dreams,osa,3,results/results.csv,0.7252604067325592,483,207,30
07/04/2021 21:39 PM,dreams,osa,3,results/results.csv,0.6315104067325592,469,201,60
07/04/2021 21:57 PM,dreams,osa,3,results/results.csv,0.4774305820465088,469,201,60
07/04/2021 21:59 PM,dreams,osa,3,results/results.csv,0.5762500166893005,505,217,60
07/04/2021 22:01 PM,dreams,osa,3,results/results.csv,0.6912499964237213,505,217,60
07/04/2021 22:05 PM,dreams,osa,3,results/results.csv,0.6217187643051147,505,217,60
07/04/2021 22:43 PM,dreams,osa,3,results/results.csv,0.8396874964237213,505,217,20
07/04/2021 22:54 PM,dreams,osa,2,results/results.csv,0.604687511920929,174,74,20
07/04/2021 22:56 PM,dreams,osa,1,results/results.csv,0.5999999940395355,244,104,20
07/04/2021 22:58 PM,dreams,osa,3,results/results.csv,0.8367187529802322,505,217,20
07/04/2021 22:59 PM,dreams,osa,4,results/results.csv,0.47696661949157715,584,250,20
07/04/2021 23:00 PM,dreams,osa,4,results/results.csv,0.5398706793785095,584,250,20
07/04/2021 23:00 PM,dreams,osa,1,results/results.csv,0.5765624940395355,244,104,20
07/05/2021 00:19 AM,patchAllisterW,osa,1,results/results.csv,0.3999999761581421,24,10,20
07/05/2021 00:20 AM,patchAllisterW,osa,1,results/results.csv,0.25,13,5,20
07/05/2021 00:21 AM,patchAllisterW,osa,123,results/results.csv,0.5416666567325592,35,15,20
07/05/2021 00:22 AM,patchAllisterW,osa,123,results/results.csv,0.5555555522441864,88,38,30
07/05/2021 00:25 AM,patchAllisterW,osa,123,results/results.csv,0.7916666716337204,88,38,30
07/05/2021 00:29 AM,patchAllisterW,osa,123,results/results.csv,0.5,88,38,30
07/05/2021 00:30 AM,patchAllisterW,osa,123,results/results.csv,0.5999999940395355,35,15,50
07/05/2021 00:31 AM,patchAllisterW,osa,123,results/results.csv,0.7333333194255829,35,15,100
07/05/2021 00:32 AM,patchAllisterW,osa,123,results/results.csv,0.3839285373687744,35,15,100
07/05/2021 00:36 AM,patchAllisterW,osa,6,results/results.csv,0.625,18,8,30
07/05/2021 00:39 AM,patchAllisterW,osa,6,results/results.csv,0.5,18,8,60
07/05/2021 00:41 AM,patchAllisterW,osa,6,results/results.csv,0.75,18,8,60
07/05/2021 00:42 AM,patchAllisterW,osa,6,results/results.csv,0.5,18,8,60
07/05/2021 12:35 PM,dreams,osa,1,results/results.csv,0.5714285671710968,108,46,64
07/05/2021 12:42 PM,dreams,osa,1,results/results.csv,0.6708333194255829,98,42,10
07/05/2021 12:42 PM,dreams,osa,1,results/results.csv,0.5750000178813934,98,42,30
07/05/2021 12:43 PM,dreams,osa,1,results/results.csv,0.6666666567325592,98,42,10
07/05/2021 12:44 PM,dreams,osa,1,results/results.csv,0.47727274894714355,98,42,5
07/05/2021 12:47 PM,dreams,osa,2,results/results.csv,0.4759615659713745,253,109,10
07/05/2021 12:48 PM,dreams,osa,3,results/results.csv,0.7109375,567,243,10
07/05/2021 12:49 PM,dreams,osa,3,results/results.csv,0.7427884638309479,67,29,10
07/05/2021 12:50 PM,dreams,osa,3,results/results.csv,0.6274038553237915,67,29,15
07/05/2021 12:51 PM,dreams,osa,3,results/results.csv,0.643750011920929,60,26,15
07/05/2021 12:55 PM,dreams,osa,3,results/results.csv,0.581250011920929,60,26,15
07/05/2021 12:58 PM,dreams,osa,3,results/results.csv,0.41874998807907104,60,26,15
07/05/2021 13:02 PM,dreams,osa,3,results/results.csv,0.4340277910232544,59,25,15
07/05/2021 13:47 PM,dreams,osa,3,results/results.csv,0.7951388955116272,59,25,30
07/05/2021 13:48 PM,dreams,osa,3,results/results.csv,0.6527777910232544,59,25,60
07/05/2021 13:48 PM,dreams,osa,3,results/results.csv,0.7569444477558136,59,25,20
07/05/2021 13:49 PM,dreams,osa,3,results/results.csv,0.7395833134651184,59,25,20
07/05/2021 14:03 PM,dreams,osa,3,results/results.csv,0.6145833134651184,59,25,20
07/05/2021 14:08 PM,dreams,osa,3,results/results.csv,0.5590277910232544,59,25,20
07/05/2021 14:12 PM,dreams,osa,3,results/results.csv,0.7256944477558136,59,25,20
07/05/2021 14:17 PM,dreams,osa,3,results/results.csv,0.7256944477558136,59,25,20
07/05/2021 14:18 PM,dreams,osa,3,results/results.csv,0.7326388955116272,59,25,20
07/05/2021 14:19 PM,dreams,osa,3,results/results.csv,0.78125,96,64,20
07/05/2021 14:20 PM,dreams,osa,3,results/results.csv,0.7430555522441864,197,131,20
07/05/2021 14:20 PM,dreams,osa,3,results/results.csv,0.75,197,131,40
07/05/2021 14:21 PM,dreams,osa,3,results/results.csv,0.7937500029802322,197,131,20
07/05/2021 14:23 PM,dreams,osa,3,results/results.csv,0.759803906083107,197,131,20
07/05/2021 14:25 PM,dreams,osa,3,results/results.csv,0.6412037014961243,197,131,50
07/05/2021 14:26 PM,dreams,osa,3,results/results.csv,0.7208333313465118,197,131,20
07/05/2021 14:28 PM,dreams,osa,3,results/results.csv,0.7750000059604645,197,131,20
07/05/2021 14:30 PM,dreams,osa,3,results/results.csv,0.7270833253860474,197,131,20
07/05/2021 14:31 PM,dreams,osa,3,results/results.csv,0.6479166448116302,197,131,30
07/05/2021 14:32 PM,dreams,osa,3,results/results.csv,0.7270833253860474,197,131,20
07/05/2021 14:32 PM,dreams,osa,3,results/results.csv,0.7750000059604645,197,131,20
07/05/2021 14:38 PM,dreams,osa,3,results/results.csv,0.7395833134651184,197,131,20
07/05/2021 14:40 PM,dreams,osa,3,results/results.csv,0.8062500059604645,197,131,20
07/05/2021 14:41 PM,dreams,osa,3,results/results.csv,0.6541666388511658,197,131,20
07/05/2021 14:42 PM,dreams,osa,3,results/results.csv,0.7999999970197678,197,131,20
07/05/2021 14:53 PM,dreams,osa,3,results/results.csv,0.7208333313465118,197,131,20
07/05/2021 14:56 PM,dreams,osa,3,results/results.csv,0.8312499970197678,197,131,20
07/05/2021 14:59 PM,dreams,osa,3,results/results.csv,0.8125,150,100,20
07/05/2021 15:02 PM,dreams,osa,3,results/results.csv,0.7406249940395355,433,289,20
07/05/2021 15:06 PM,dreams,osa,3,results/results.csv,0.699999988079071,433,289,30
07/05/2021 15:07 PM,dreams,osa,3,results/results.csv,0.7937500029802322,433,289,20
07/05/2021 15:08 PM,dreams,osa,3,results/results.csv,0.6328125,150,100,20
07/05/2021 15:09 PM,dreams,osa,3,results/results.csv,0.7645833194255829,433,289,20
07/05/2021 15:16 PM,dreams,osa,1,results/results.csv,0.625,242,162,20
07/05/2021 15:17 PM,dreams,osa,1,results/results.csv,0.884615384042263,38,26,20 (osa 1, 19000-25000)
07/05/2021 15:19 PM,dreams,osa,1,results/results.csv,0.6681743264198303,173,115,20
07/05/2021 15:20 PM,dreams,osa,1,results/results.csv,0.7151785492897034,203,135,30
07/05/2021 15:22 PM,dreams,osa,1,results/results.csv,0.6830357015132904,203,135,30
07/05/2021 15:32 PM,dreams,osa,3,results/results.csv,0.7161458432674408,486,324,20
07/05/2021 15:35 PM,dreams,osa,1,results/results.csv,0.7506878972053528,271,181,20
07/05/2021 15:37 PM,dreams,osa,1,results/results.csv,0.659007340669632,242,162,20
07/05/2021 15:42 PM,dreams,osa,1,results/results.csv,0.6467633843421936,308,206,20
07/05/2021 15:46 PM,dreams,osa,1,results/results.csv,0.6035539209842682,242,162,20
07/05/2021 16:00 PM,dreams,osa,1,results/results.csv,0.4901960492134094,242,162,30
07/05/2021 16:02 PM,dreams,osa,3,results/results.csv,0.7175189554691315,433,289,20
07/05/2021 16:04 PM,dreams,osa,1,results/results.csv,0.581250011920929,38,26,30
07/05/2021 16:12 PM,patchAllisterW,osa,1,results/results.csv,0.2916666269302368,20,14,15
07/05/2021 16:13 PM,patchAllisterW,osa,123,results/results.csv,0.6011904776096344,77,51,15
07/05/2021 16:15 PM,patchAllisterW,osa,123,results/results.csv,0.75,102,26,15
07/05/2021 16:51 PM,patchAllisterW,osa,123,results/results.csv,1.0,102,26,15
07/05/2021 16:55 PM,patchAllisterW,osa,123,results/results.csv,1.0,102,26,15
07/05/2021 16:57 PM,patchAllisterW,osa,123,results/results.csv,0.75,102,26,15
07/05/2021 17:01 PM,patchAllisterW,osa,123,results/results.csv,0.8125,102,26,20
07/05/2021 17:14 PM,patchAllisterW,osa,123,results/results.csv,0.8125,102,26,60
07/05/2021 17:35 PM,dreams,osa,1,results/results.csv,0.6377550959587097,411,103,30
07/05/2021 17:39 PM,dreams,osa,1,results/results.csv,0.5812499821186066,746,186,30
07/05/2021 17:41 PM,dreams,osa,1,results/results.csv,0.46875,323,81,30
07/05/2021 17:42 PM,dreams,osa,1,results/results.csv,0.6979166567325592,323,81,10
07/05/2021 17:45 PM,dreams,osa,3,results/results.csv,0.7013888955116272,578,144,20
07/05/2021 17:51 PM,dreams,osa,3,results/results.csv,0.7569444477558136,578,144,20
07/05/2021 17:55 PM,dreams,osa,3,results/results.csv,0.7013888955116272,578,144,20
07/05/2021 17:58 PM,patchAllisterW,osa,123,results/results.csv,0.75,102,26,15
07/05/2021 18:00 PM,dreams,osa,2,results/results.csv,0.640625,198,50,15
07/05/2021 18:03 PM,dreams,osa,2,results/results.csv,0.7575000077486038,298,74,15
07/05/2021 18:07 PM,dreams,osa,2,results/results.csv,0.6546874940395355,298,74,30
07/05/2021 18:10 PM,dreams,osa,4,results/results.csv,0.7192460298538208,1305,326,30
07/05/2021 18:15 PM,dreams,osa,2,results/results.csv,0.7437500059604645,298,74,20
07/05/2021 18:20 PM,dreams,osa,2,results/results.csv,0.7171874940395355,298,74,20
07/05/2021 18:24 PM,dreams,osa,2,results/results.csv,0.6968750059604645,298,74,20
07/05/2021 18:27 PM,patchAllisterW,osa,4,results/results.csv,0.4615384340286255,54,13,20
07/05/2021 18:28 PM,patchAllisterW,osa,4,results/results.csv,0.75,14,4,20
07/05/2021 18:29 PM,patchAllisterW,osa,4,results/results.csv,0.5,14,4,20
07/05/2021 18:30 PM,patchAllisterW,osa,4,results/results.csv,0.75,14,4,20
07/05/2021 18:31 PM,patchAllisterW,osa,4,results/results.csv,0.0,14,4,20
07/05/2021 18:32 PM,patchAllisterW,osa,4,results/results.csv,0.75,14,4,20
07/05/2021 18:33 PM,patchAllisterW,osa,5,results/results.csv,0.1428571343421936,29,7,10
07/05/2021 18:35 PM,patchAllisterW,osa,6,results/results.csv,0.625,31,8,10
07/05/2021 18:56 PM,dreams,osa,1,results/results.csv,0.6215734481811523,485,121,20
07/05/2021 19:04 PM,dreams,osa,0,results/results.csv,0.9921875,311,78,20
07/05/2021 19:09 PM,dreams,osa,2Box,results/results.csv,1.0,105,26,15
07/05/2021 19:10 PM,dreams,osa,3Box,results/results.csv,0.9895833330228925,544,136,15
07/05/2021 19:13 PM,dreams,osa,3Box,results/results.csv,1.0,544,136,15
07/05/2021 19:42 PM,dreams,osa,9Box,results/results.csv,0.9803921561688185,203,51,15
07/05/2021 19:43 PM,dreams,osa,1Box,results/results.csv,1.0,311,78,15
07/05/2021 19:43 PM,dreams,osa,2Box,results/results.csv,1.0,104,26,15
07/05/2021 19:43 PM,dreams,osa,3Box,results/results.csv,1.0,544,136,15
07/05/2021 19:44 PM,dreams,osa,1Box,results/results.csv,0.9921875,310,78,15
07/05/2021 19:45 PM,dreams,osa,2Box,results/results.csv,1.0,105,26,15
07/05/2021 19:45 PM,dreams,osa,3Box,results/results.csv,0.9947916665114462,544,136,15
07/05/2021 19:54 PM,dreams,osa,5Box,results/results.csv,1.0,224,56,15
07/05/2021 19:55 PM,dreams,osa,6Box,results/results.csv,0.9615384601056576,104,26,15
07/05/2021 19:59 PM,dreams,osa,5Box,results/results.csv,1.0,224,56,15
07/05/2021 20:00 PM,dreams,osa,6Box,results/results.csv,0.9615384601056576,105,26,15
07/05/2021 20:42 PM,dreams,osa,1Box,results/results.csv,1.0,310,78,10
07/05/2021 20:43 PM,dreams,osa,1Box,results/results.csv,1.0,311,78,10
07/05/2021 20:44 PM,dreams,osa,1Box,results/results.csv,1.0,310,78,10
07/05/2021 20:45 PM,dreams,osa,1Box,results/results.csv,1.0,311,78,10
07/05/2021 20:50 PM,dreams,osa,1Box,results/results.csv,0.9921875,310,78,10
07/05/2021 20:52 PM,dreams,osa,1Box,results/results.csv,0.9237132370471954,460,115,10
07/05/2021 20:53 PM,dreams,osa,2Box,results/results.csv,0.7692307680845261,156,39,10
07/05/2021 20:53 PM,dreams,osa,2Box,results/results.csv,0.589743584394455,156,39,30
07/05/2021 20:54 PM,dreams,osa,3Box,results/results.csv,0.9242187514901161,806,202,20
07/05/2021 20:56 PM,dreams,osa,3Box,results/results.csv,0.94921875,807,202,20
07/05/2021 20:57 PM,dreams,osa,2Box,results/results.csv,0.6666666567325592,156,39,20
07/05/2021 21:00 PM,dreams,osa,1Box,results/results.csv,0.9569546580314636,459,115,20
07/05/2021 21:01 PM,dreams,osa,4Box,results/results.csv,0.752982959151268,474,119,20
07/05/2021 21:02 PM,dreams,osa,5Box,results/results.csv,0.8938029706478119,493,123,20
07/05/2021 21:02 PM,dreams,osa,6Box,results/results.csv,0.8421052694320679,152,38,20
07/05/2021 21:03 PM,dreams,osa,7Box,results/results.csv,0.9571220949292183,427,107,20
07/05/2021 21:05 PM,dreams,osa,8Box,results/results.csv,0.695652186870575,90,23,20
07/05/2021 21:06 PM,dreams,osa,9Box,results/results.csv,0.8920454531908035,300,75,20
07/05/2021 21:10 PM,dreams,osa,1Box,results/results.csv,0.9315257370471954,459,115,20
07/05/2021 22:38 PM,dreams,osa,3Box,results/results.csv,0.9320312514901161,806,202,20
07/05/2021 22:38 PM,dreams,osa,2Box,results/results.csv,0.6666666567325592,156,39,20
07/05/2021 22:38 PM,dreams,osa,4Box,results/results.csv,0.8582386374473572,474,119,20
07/05/2021 22:38 PM,dreams,osa,5Box,results/results.csv,0.8924788162112236,493,123,20
07/05/2021 22:42 PM,dreams,osa,1Box,results/results.csv,0.9569546580314636,460,115,15
07/05/2021 22:43 PM,dreams,osa,2Box,results/results.csv,0.7948717921972275,156,39,15
07/05/2021 22:43 PM,dreams,osa,3Box,results/results.csv,0.9382812492549419,807,202,15
07/05/2021 22:44 PM,dreams,osa,4Box,results/results.csv,0.8556818217039108,474,119,15
07/05/2021 22:44 PM,dreams,osa,5Box,results/results.csv,0.8866525441408157,493,123,15
07/05/2021 22:44 PM,dreams,osa,6Box,results/results.csv,0.9473684206604958,153,38,15
07/05/2021 22:45 PM,dreams,osa,7Box,results/results.csv,0.9376816861331463,427,107,15
07/05/2021 22:45 PM,dreams,osa,8Box,results/results.csv,0.9130434766411781,90,23,15
07/05/2021 22:45 PM,dreams,osa,9Box,results/results.csv,0.9090909063816071,301,75,15
07/06/2021 13:07 PM,patchAllisterW,osa,10,results/results.csv,0.60546875,871,218,15
07/06/2021 13:08 PM,patchAllisterW,osa,10,results/results.csv,0.6884014308452606,871,218,10
07/06/2021 13:10 PM,patchAllisterW,osa,10,results/results.csv,0.6298076808452606,871,218,10
07/06/2021 13:11 PM,patchAllisterW,osa,10,results/results.csv,0.6265023946762085,871,218,10
07/06/2021 13:12 PM,patchAllisterW,osa,10,results/results.csv,0.6775568127632141,1112,278,10
07/06/2021 13:14 PM,patchAllisterW,osa,10,results/results.csv,0.6988636553287506,1112,278,10
07/06/2021 13:15 PM,patchAllisterW,osa,10,results/results.csv,0.6897727251052856,1112,278,10
07/06/2021 13:16 PM,patchAllisterW,osa,10,results/results.csv,0.6829545497894287,1112,278,30
07/06/2021 13:17 PM,patchAllisterW,osa,10,results/results.csv,0.6207932829856873,871,218,30
07/06/2021 13:19 PM,patchAllisterW,osa,10,results/results.csv,0.6403245329856873,871,218,30
07/06/2021 13:20 PM,patchAllisterW,osa,10,results/results.csv,0.6179534196853638,581,145,10
07/06/2021 13:22 PM,patchAllisterW,osa,10,results/results.csv,0.4144737124443054,581,145,10
07/06/2021 13:23 PM,patchAllisterW,osa,10,results/results.csv,0.5263157784938812,581,145,10
07/06/2021 13:26 PM,patchAllisterW,osa,10,results/results.csv,0.5526315867900848,581,145,10
07/06/2021 13:28 PM,patchAllisterW,osa,10,results/results.csv,0.4868420958518982,581,145,10
07/06/2021 13:36 PM,dreams,osa,1,results/results.csv,0.6672794222831726,323,81,15
07/06/2021 13:38 PM,dreams,osa,1,results/results.csv,0.6223958134651184,411,103,15
07/06/2021 13:54 PM,dreams,osa,1,results/results.csv,0.6776843070983887,411,103,15
07/06/2021 13:57 PM,dreams,osa,1,results/results.csv,0.5142227411270142,411,103,15
07/06/2021 13:59 PM,dreams,osa,7,results/results.csv,0.6072443127632141,477,119,15
07/06/2021 14:08 PM,dreams,osa,7,results/results.csv,0.6384943127632141,477,119,15
07/06/2021 14:10 PM,dreams,osa,7,results/results.csv,0.5884712934494019,403,101,10
07/06/2021 14:11 PM,dreams,osa,7,results/results.csv,0.5500422418117523,403,101,30
07/06/2021 14:47 PM,dreams,osa,7,results/results.csv,0.5869565308094025,184,46,30
07/06/2021 14:53 PM,patchAllisterW,osa,1,results/results.csv,0.5714285671710968,27,7,30
07/06/2021 14:55 PM,patchAllisterW,osa,1,results/results.csv,0.2857142686843872,27,7,30
07/06/2021 14:56 PM,patchAllisterW,osa,1,results/results.csv,0.0,5,1,30
07/06/2021 14:56 PM,patchAllisterW,osa,1,results/results.csv,0.0,5,1,5
07/06/2021 14:57 PM,patchAllisterW,osa,1,results/results.csv,1.0,5,1,5
07/06/2021 14:58 PM,patchAllisterW,osa,1,results/results.csv,0.0,3,1,5
07/06/2021 15:00 PM,patchAllisterW,osa,1,results/results.csv,0.1428571343421936,27,7,5
07/06/2021 15:01 PM,patchAllisterW,osa,1,results/results.csv,0.4285714030265808,27,7,5
07/06/2021 15:07 PM,patchAllisterW,osa,1,results/results.csv,0.5,14,4,5
07/06/2021 23:33 PM,dreams,osa,7,results/results.csv,0.7185388505458832,403,101,30
07/06/2021 23:38 PM,dreams,osa,1,results/results.csv,0.5477941036224365,323,81,30
07/07/2021 02:55 AM,patchAllisterW,osa,1,results/results.csv,1.0,10,2,15
07/07/2021 02:56 AM,patchAllisterW,osa,123,results/results.csv,0.7368420958518982,75,19,15
07/07/2021 02:58 AM,patchAllisterW,osa,123,results/results.csv,0.8421052694320679,75,19,15
07/07/2021 03:08 AM,patchAllisterW,osa,4,results/results.csv,0.4285714030265808,55,14,15
07/07/2021 03:30 AM,patchAllisterW,osa,4,results/results.csv,0.574999988079071,50,13,10
07/07/2021 03:44 AM,dreams,osa,4,results/results.csv,0.6162715554237366,1257,314,10
07/07/2021 03:44 AM,dreams,osa,4,results/results.csv,0.6666666567325592,34,9,10
07/07/2021 03:49 AM,dreams,osa,4,results/results.csv,0.6513157784938812,1252,313,10
07/07/2021 03:52 AM,dreams,osa,4,results/results.csv,0.7291666567325592,544,136,10
07/07/2021 03:53 AM,dreams,osa,4,results/results.csv,0.6302083432674408,542,136,10
07/07/2021 03:57 AM,dreams,osa,4,results/results.csv,0.640625,542,136,10
07/07/2021 03:59 AM,dreams,osa,4,results/results.csv,0.59375,542,136,30
07/07/2021 04:02 AM,dreams,osa,4,results/results.csv,0.6541666686534882,498,124,30
07/07/2021 04:03 AM,dreams,osa,4,results/results.csv,0.6473958492279053,498,124,70
07/07/2021 04:06 AM,dreams,osa,4,results/results.csv,0.5564516186714172,498,124,100
07/07/2021 04:10 AM,dreams,osa,4,results/results.csv,0.5322580635547638,498,124,15
07/07/2021 04:12 AM,dreams,osa,4,results/results.csv,0.587162971496582,458,115,15
07/07/2021 04:15 AM,dreams,osa,4,results/results.csv,0.6186224520206451,453,113,15
07/07/2021 04:19 AM,dreams,osa,4,results/results.csv,0.6749614179134369,728,182,15
07/07/2021 04:23 AM,dreams,osa,4,results/results.csv,0.7511574029922485,728,182,15
07/07/2021 04:24 AM,dreams,osa,4,results/results.csv,0.8815586343407631,728,182,30
07/07/2021 04:25 AM,dreams,osa,4,results/results.csv,0.839313268661499,728,182,60
07/07/2021 04:27 AM,dreams,osa,4,results/results.csv,0.7756249904632568,1062,266,30
07/07/2021 04:31 AM,dreams,osa,4,results/results.csv,0.8506250083446503,1062,266,30
07/07/2021 04:33 AM,dreams,osa,4,results/results.csv,0.7543750107288361,1062,266,50
07/07/2021 04:35 AM,dreams,osa,4,results/results.csv,0.7930555641651154,1061,265,50
07/07/2021 04:38 AM,dreams,osa,4,results/results.csv,0.8777777776122093,1060,265,50
07/07/2021 04:46 AM,dreams,osa,1,results/results.csv,0.9145359843969345,386,97,50
07/07/2021 04:47 AM,dreams,osa,2,results/results.csv,0.8864583298563957,374,94,50
07/07/2021 04:53 AM,dreams,osa,3,results/results.csv,0.9039446711540222,755,189,50
07/07/2021 04:55 AM,dreams,osa,3,results/results.csv,0.8779030069708824,755,189,50
07/07/2021 04:57 AM,dreams,osa,5,results/results.csv,0.9253125041723251,867,217,50
07/07/2021 05:12 AM,patchAllisterW,osa,5,results/results.csv,0.4444444179534912,37,9,50
07/07/2021 05:13 AM,patchAllisterW,osa,5,results/results.csv,0.3333333134651184,37,9,50
07/07/2021 05:13 AM,patchAllisterW,osa,5,results/results.csv,0.7777777761220932,34,9,50
07/07/2021 05:15 AM,patchAllisterW,osa,5,results/results.csv,0.6923076808452606,50,13,50
07/07/2021 05:15 AM,patchAllisterW,osa,5,results/results.csv,0.5,34,8,20
07/07/2021 05:18 AM,patchAllisterW,osa,5,results/results.csv,0.5833333432674408,34,9,20
07/07/2021 05:23 AM,patchAllisterW,osa,5,results/results.csv,0.5,34,9,20
07/07/2021 05:25 AM,patchAllisterW,osa,6,results/results.csv,0.6888888776302338,181,45,20
07/07/2021 05:26 AM,patchAllisterW,osa,6,results/results.csv,0.5999999940395355,180,45,20
07/07/2021 05:38 AM,patchAllisterW,osa,4,results/results.csv,0.7272727191448212,42,11,20
07/07/2021 05:39 AM,patchAllisterW,osa,5,results/results.csv,0.6666666567325592,34,9,20
07/07/2021 05:40 AM,patchAllisterW,osa,9,results/results.csv,0.7857142835855484,57,14,20
07/07/2021 05:44 AM,patchAllisterW,osa,10,results/results.csv,0.8367346972227097,195,49,20
07/07/2021 15:17 PM,patchAllisterW,osa,6,results/results.csv,0.4791666865348816,194,48,20
07/07/2021 23:42 PM,dreams,osa,1,results/results.csv,0.25,30,8,15
07/07/2021 23:44 PM,dreams,osa,1,results/results.csv,0.6651526093482971,428,107,15
07/07/2021 23:48 PM,patchAllisterW,osa,8,results/results.csv,0.875,30,8,15
07/07/2021 23:49 PM,dreams,osa,1,results/results.csv,0.630450576543808,428,107,15
07/07/2021 23:51 PM,dreams,osa,3,results/results.csv,0.842275932431221,723,181,15
07/08/2021 00:00 AM,dreams,osa,3,results/results.csv,0.9665880501270294,725,181,50
07/08/2021 00:19 AM,dreams,osa,2,results/results.csv,0.9694602265954018,346,86,30
07/08/2021 00:32 AM,dreams,osa,2,results/results.csv,0.9311079531908035,346,86,30
07/08/2021 00:44 AM,dreams,osa,2,results/results.csv,0.9005681797862053,346,86,30
07/08/2021 21:51 PM,patchAllisterW,osa,6,results/results.csv,0.0,6,2,15
07/08/2021 21:51 PM,patchAllisterW,osa,6,results/results.csv,0.75,32,8,15
07/08/2021 21:54 PM,patchAllisterW,osa,9,results/results.csv,1.0,42,10,15
07/08/2021 21:55 PM,dreams,osa,1,results/results.csv,0.91796875,774,194,15
07/08/2021 21:57 PM,dreams,osa,2,results/results.csv,0.9635416679084301,589,147,15
07/08/2021 21:59 PM,dreams,osa,3,results/results.csv,0.9539351873099804,693,173,15
07/08/2021 22:08 PM,dreams,osa,7,results/results.csv,0.9270833358168602,528,132,15
07/08/2021 22:10 PM,dreams,osa,6,results/results.csv,0.9118589758872986,925,231,15
07/09/2021 00:45 AM,dreams,osa,1,results/results.csv,0.6484375,774,194,30
07/09/2021 00:48 AM,dreams,osa,1,results/results.csv,0.80078125,774,194,30
07/09/2021 00:50 AM,dreams,osa,2,results/results.csv,0.8758223652839661,589,147,15
07/09/2021 00:51 AM,dreams,osa,3,results/results.csv,0.9569444470107555,693,173,15
07/09/2021 00:54 AM,dreams,osa,11,results/results.csv,0.9140625,774,194,15
07/09/2021 01:13 AM,patchAllisterW,osa,11,results/results.csv,0.02281746,332,142,30
07/09/2021 10:49 AM,patchAllisterW,osa,11,results/results.csv,0.0052083335,332,142,30
07/09/2021 10:51 AM,patchAllisterW,osa,11,results/results.csv,0.028769841,332,142,30
07/09/2021 11:00 AM,patchAllisterW,osa,11,results/results.csv,0.013888889,332,142,30
07/09/2021 13:37 PM,dreams,osa,1,results/results.csv,0.036088713,510,128,15
07/09/2021 13:42 PM,dreams,osa,1,results/results.csv,0.035987902,510,128,15
07/09/2021 13:44 PM,dreams,osa,2,results/results.csv,0.016927084,568,142,15
07/09/2021 13:46 PM,dreams,osa,3,results/results.csv,0.029779414,778,194,15
07/09/2021 13:49 PM,dreams,osa,4,results/results.csv,0.024987506,1210,302,15
07/09/2021 13:55 PM,patchAllisterW,osa,123,results/results.csv,tensor(0.0417),98,24,15
07/09/2021 13:56 PM,patchAllisterW,osa,4,results/results.csv,tensor(0.4545),43,11,15
07/09/2021 13:56 PM,patchAllisterW,osa,5,results/results.csv,tensor(0.),30,8,15
07/09/2021 13:57 PM,patchAllisterW,osa,6,results/results.csv,tensor(0.1304),186,46,15
07/09/2021 13:58 PM,patchAllisterW,osa,8,results/results.csv,tensor(0.1250),30,8,15
07/09/2021 13:59 PM,patchAllisterW,osa,9,results/results.csv,tensor(0.1000),42,10,15
07/09/2021 14:00 PM,patchAllisterW,osa,10,results/results.csv,tensor(0.1000),168,42,15
07/09/2021 14:01 PM,patchAllisterW,osa,11,results/results.csv,tensor(0.0667),379,95,15
07/09/2021 14:02 PM,patchAllisterW,osa,11,results/results.csv,tensor(0.),379,95,15
07/09/2021 14:05 PM,patchAllisterW,osa,123,results/results.csv,tensor(0.),98,24,15
07/09/2021 14:08 PM,patchJeffB,osa,1,results/results.csv,tensor(0.),136,34,15
07/11/2021 21:29 PM,dreams,osa,1,results/results.csv,tensor(0.0781),510,128,15
07/11/2021 21:31 PM,dreams,osa,1,results/results.csv,tensor(0.0625),510,128,15
07/11/2021 21:32 PM,dreams,osa,2,results/results.csv,tensor(0.),568,142,15
07/11/2021 21:33 PM,dreams,osa,3,results/results.csv,tensor(0.),778,194,15
07/11/2021 21:35 PM,dreams,osa,4,results/results.csv,tensor(0.),1210,302,15
07/11/2021 21:35 PM,dreams,osa,5,results/results.csv,tensor(0.2857),1051,263,15
07/11/2021 21:36 PM,dreams,osa,6,results/results.csv,tensor(0.0417),606,152,15
07/11/2021 21:37 PM,dreams,osa,7,results/results.csv,tensor(0.),523,131,15
07/11/2021 21:38 PM,dreams,osa,8,results/results.csv,tensor(0.0741),107,27,15
07/11/2021 21:38 PM,dreams,osa,9,results/results.csv,tensor(0.0444),693,173,15
07/11/2021 21:39 PM,dreams,osa,10,results/results.csv,tensor(0.0513),669,167,15
07/11/2021 21:40 PM,dreams,osa,11,results/results.csv,tensor(0.0781),510,128,15
07/11/2021 22:03 PM,dreams,osa,1,results/results.csv,tensor(0.1406),510,128,15
07/11/2021 22:44 PM,dreams,osa,1,results/results.csv,tensor(0.0938),510,128,15
07/11/2021 22:46 PM,dreams,osa,1,results/results.csv,tensor(0.0938),510,128,15
07/11/2021 22:47 PM,dreams,osa,1,results/results.csv,tensor(0.1406),510,128,15
07/11/2021 22:51 PM,dreams,osa,2,results/results.csv,tensor(0.0714),568,142,15
07/11/2021 22:53 PM,dreams,osa,2,results/results.csv,tensor(0.2857),568,142,15
07/11/2021 22:55 PM,dreams,osa,1,results/results.csv,tensor(0.2969),510,128,15
07/11/2021 22:56 PM,dreams,osa,2,results/results.csv,tensor(0.2857),568,142,15
07/11/2021 23:01 PM,dreams,osa,1,results/results.csv,tensor(0.3125),510,128,15
07/11/2021 23:11 PM,dreams,osa,1,results/results.csv,tensor(0.4167),352,88,15
07/11/2021 23:14 PM,dreams,osa,1,results/results.csv,tensor(0.2083),352,88,15
07/11/2021 23:31 PM,dreams,osa,1,results/results.csv,tensor(0.0417),352,88,15
07/11/2021 23:34 PM,dreams,osa,1,results/results.csv,tensor(0.1250),352,88,15
07/11/2021 23:48 PM,dreams,osa,2,results/results.csv,tensor(0.),286,72,15
07/11/2021 23:57 PM,dreams,osa,2,results/results.csv,tensor(0.2083),96,24,15
07/12/2021 01:49 AM,dreams,osa,5,results/results.csv,tensor(0.3281),258,64,15
07/12/2021 01:52 AM,dreams,osa,5,results/results.csv,tensor(0.2609),184,46,15
07/12/2021 01:54 AM,dreams,osa,5,results/results.csv,tensor(0.1905),83,21,15
07/12/2021 01:56 AM,dreams,osa,5,results/results.csv,tensor(0.3333),83,21,15
07/12/2021 01:59 AM,dreams,osa,6,results/results.csv,tensor(0.6000),21,5,15
07/12/2021 02:01 AM,dreams,osa,6,results/results.csv,tensor(0.2500),158,40,15
07/12/2021 02:06 AM,dreams,osa,6,results/results.csv,tensor(0.5000),158,40,15
07/12/2021 02:08 AM,dreams,osa,7,results/results.csv,tensor(0.1613),379,95,15
07/12/2021 02:10 AM,dreams,osa,7,results/results.csv,tensor(0.4000),379,95,15
07/12/2021 02:14 AM,dreams,osa,9,results/results.csv,0.19181034,368,92,15
07/12/2021 02:17 AM,dreams,osa,9,results/results.csv,0.18606323,368,92,15
07/12/2021 02:19 AM,patchAllisterW,osa,123,results/results.csv,0.121527776,89,22,15
07/12/2021 02:24 AM,patchAllisterW,osa,6,results/results.csv,0.09166667,178,44,15
07/12/2021 02:25 AM,patchAllisterW,osa,6,results/results.csv,0.075,178,44,15
07/12/2021 02:27 AM,patchAllisterW,osa,8,results/results.csv,0.125,14,4,15
07/12/2021 02:31 AM,patchAllisterW,osa,10,results/results.csv,0.093112245,610,152,15
07/12/2021 02:34 AM,patchAllisterW,osa,11,results/results.csv,0.090015724,666,166,15
07/12/2021 02:38 AM,patchAllisterW,osa,12,results/results.csv,0.114224136,354,88,15
07/12/2021 02:41 AM,patchAllisterW,osa,12,results/results.csv,0.0862069,354,88,15
07/12/2021 02:45 AM,patchAllisterW,osa,12,results/results.csv,0.08405172,354,88,15
07/12/2021 02:47 AM,patchAllisterW,osa,12,results/results.csv,0.12284483,354,88,15
07/12/2021 02:49 AM,patchAllisterW,osa,12,results/results.csv,0.3125,354,88,15
07/12/2021 02:50 AM,patchAllisterW,osa,10,results/results.csv,0.21180557,610,152,15
07/12/2021 02:55 AM,patchAllisterW,osa,10,results/results.csv,0.7041666805744171,610,152,15
07/12/2021 02:56 AM,patchAllisterW,osa,10,results/results.csv,0.4444444179534912,74,18,15
07/12/2021 02:57 AM,patchAllisterW,osa,10,results/results.csv,0.7222222089767456,74,18,15
07/12/2021 02:58 AM,patchAllisterW,osa,10,results/results.csv,0.625,64,16,15
07/12/2021 02:58 AM,patchAllisterW,osa,10,results/results.csv,0.6875,64,16,10
07/12/2021 02:59 AM,patchAllisterW,osa,10,results/results.csv,0.5,57,14,10
07/12/2021 03:00 AM,patchAllisterW,osa,10,results/results.csv,0.7272727191448212,86,22,10
07/12/2021 03:01 AM,patchAllisterW,osa,10,results/results.csv,0.75,18,4,10
07/12/2021 03:02 AM,patchAllisterW,osa,10,results/results.csv,0.7142857015132904,85,21,10
07/12/2021 03:04 AM,patchAllisterW,osa,9,results/results.csv,0.5,256,64,15
07/12/2021 03:05 AM,patchAllisterW,osa,9,results/results.csv,0.5,6,2,15
07/12/2021 03:06 AM,patchAllisterW,osa,9,results/results.csv,0.6153846085071564,51,13,15
07/12/2021 03:06 AM,patchAllisterW,osa,9,results/results.csv,0.46875,130,32,15
07/12/2021 03:07 AM,patchAllisterW,osa,6,results/results.csv,0.3636363744735718,43,11,15
07/12/2021 03:08 AM,patchAllisterW,osa,6,results/results.csv,0.3636363744735718,43,11,15
07/12/2021 03:09 AM,patchAllisterW,osa,6,results/results.csv,0.45454543828964233,43,11,15
07/12/2021 03:11 AM,patchAllisterW,osa,6,results/results.csv,0.6812500059604645,187,47,15
07/12/2021 03:12 AM,patchAllisterW,osa,6,results/results.csv,0.5989583134651184,189,47,15
07/12/2021 03:12 AM,patchAllisterW,osa,6,results/results.csv,0.859375,140,35,15
07/12/2021 03:14 AM,patchAllisterW,osa,5,results/results.csv,0.0,6,2,15
07/12/2021 03:14 AM,patchAllisterW,osa,8,results/results.csv,0.4285714030265808,29,7,15
07/12/2021 03:16 AM,patchAllisterW,osa,9,results/results.csv,0.699999988079071,39,10,15
07/12/2021 03:17 AM,patchAllisterW,osa,11,results/results.csv,0.7857142835855484,110,28,15
07/12/2021 03:17 AM,patchAllisterW,osa,12,results/results.csv,0.7142857015132904,29,7,15
07/12/2021 03:19 AM,patchAllisterW,osa,12,results/results.csv,0.8020833283662796,262,65,15
07/12/2021 03:21 AM,patchAllisterW,osa,12,results/results.csv,0.6363636255264282,88,22,15
07/12/2021 03:22 AM,patchAllisterW,osa,12,results/results.csv,0.7633928507566452,240,60,15
07/12/2021 03:24 AM,patchAllisterW,osa,11,results/results.csv,0.8255208283662796,431,108,15
07/12/2021 03:26 AM,patchAllisterW,osa,8,results/results.csv,0.75,18,4,15
07/12/2021 03:26 AM,patchAllisterW,osa,8,results/results.csv,0.3333333134651184,13,3,15
07/12/2021 03:27 AM,patchAllisterW,osa,5,results/results.csv,0.5,25,6,15
07/12/2021 03:27 AM,patchAllisterW,osa,3,results/results.csv,0.0,5,1,15
07/12/2021 03:28 AM,patchAllisterW,osa,3,results/results.csv,1.0,5,1,15
07/12/2021 03:28 AM,patchAllisterW,osa,3,results/results.csv,0.0,5,1,15
07/12/2021 03:29 AM,patchAllisterW,osa,1,results/results.csv,0.75,18,4,15
07/12/2021 03:30 AM,dreams,osa,1,results/results.csv,0.8499999940395355,82,20,15
07/12/2021 03:31 AM,dreams,osa,1,results/results.csv,0.71875,128,32,15
07/12/2021 03:32 AM,dreams,osa,1,results/results.csv,0.734375,176,44,15
07/12/2021 03:32 AM,dreams,osa,1,results/results.csv,0.78125,258,64,15
07/12/2021 03:33 AM,dreams,osa,1,results/results.csv,0.8214285671710968,112,28,15
07/12/2021 03:36 AM,dreams,osa,1,results/results.csv,0.9375,170,42,15
07/12/2021 03:40 AM,dreams,osa,2,results/results.csv,0.9033653885126114,563,141,15
07/12/2021 03:42 AM,dreams,osa,3,results/results.csv,0.6761363744735718,173,43,15
07/12/2021 03:44 AM,dreams,osa,3,results/results.csv,0.8333333283662796,122,30,15
07/12/2021 03:46 AM,dreams,osa,4,results/results.csv,0.9682459682226181,253,63,15
07/12/2021 03:48 AM,dreams,osa,5,results/results.csv,0.8181818127632141,90,22,15
07/12/2021 03:51 AM,dreams,osa,5,results/results.csv,0.8333333283662796,118,30,15
07/12/2021 03:55 AM,dreams,osa,5,results/results.csv,0.8666666597127914,118,30,15
07/12/2021 03:57 AM,dreams,osa,5,results/results.csv,0.7999999970197678,118,30,15
07/12/2021 04:00 AM,dreams,osa,5,results/results.csv,0.8965517207980156,117,29,15
07/12/2021 04:03 AM,dreams,osa,5,results/results.csv,0.8275862038135529,117,29,15
07/12/2021 04:08 AM,dreams,osa,5,results/results.csv,0.9655172415077686,115,29,15
07/12/2021 04:11 AM,dreams,osa,5,results/results.csv,0.7586206942796707,115,29,15
07/12/2021 04:13 AM,dreams,osa,5,results/results.csv,0.8697916716337204,1481,370,15
07/12/2021 04:16 AM,dreams,osa,5,results/results.csv,0.7872596085071564,234,58,15
07/12/2021 04:18 AM,dreams,osa,5,results/results.csv,0.8854166641831398,264,66,15
07/12/2021 04:21 AM,dreams,osa,6,results/results.csv,0.6870039403438568,840,210,15
07/12/2021 04:22 AM,dreams,osa,6,results/results.csv,0.59375,194,48,15
07/12/2021 04:24 AM,dreams,osa,6,results/results.csv,0.6899999976158142,550,138,15
07/12/2021 04:27 AM,dreams,osa,6,results/results.csv,0.699999988079071,526,132,15
07/12/2021 04:30 AM,dreams,osa,6,results/results.csv,0.763888880610466,378,94,15
07/12/2021 04:32 AM,dreams,osa,7,results/results.csv,0.7999999970197678,523,131,15
07/12/2021 04:35 AM,dreams,osa,8,results/results.csv,0.6666666567325592,61,15,15
07/12/2021 04:36 AM,dreams,osa,9,results/results.csv,0.8043831139802933,812,203,15
07/12/2021 04:38 AM,dreams,osa,9,results/results.csv,0.7102272808551788,555,139,15
07/12/2021 04:40 AM,dreams,osa,9,results/results.csv,0.8391203582286835,619,155,15
07/12/2021 04:41 AM,dreams,osa,9,results/results.csv,0.8181818127632141,90,22,15
07/12/2021 04:41 AM,dreams,osa,9,results/results.csv,0.5789473652839661,75,19,15
07/12/2021 04:43 AM,dreams,osa,9,results/results.csv,0.78125,158,40,15
07/12/2021 04:44 AM,dreams,osa,9,results/results.csv,0.9125000014901161,524,131,15
07/12/2021 04:48 AM,dreams,osa,9,results/results.csv,0.7916666716337204,384,96,15
07/12/2021 04:51 AM,dreams,osa,9,results/results.csv,0.8861607164144516,438,110,15
07/12/2021 04:52 AM,patchAllisterW,osa,123,results/results.csv,0.6071428656578064,113,28,15
07/12/2021 04:53 AM,patchAllisterW,osa,123,results/results.csv,0.8888888880610466,72,18,15
07/12/2021 04:55 AM,patchAllisterW,osa,4,results/results.csv,0.0,11,3,15
07/12/2021 04:55 AM,patchAllisterW,osa,4,results/results.csv,0.0,5,1,15
07/12/2021 04:56 AM,patchAllisterW,osa,5,results/results.csv,1.0,3,1,15
07/12/2021 04:57 AM,patchAllisterW,osa,6,results/results.csv,0.6785714328289032,186,46,15
07/12/2021 05:03 AM,patchAllisterW,osa,10,results/results.csv,0.8571428507566452,403,101,15
07/12/2021 05:05 AM,patchAllisterW,osa,10,results/results.csv,0.8078703731298447,560,140,15
07/12/2021 05:06 AM,patchAllisterW,osa,10,results/results.csv,0.7407407462596893,560,140,15
07/12/2021 05:08 AM,patchAllisterW,osa,10,results/results.csv,0.8046875,473,118,15
07/12/2021 05:11 AM,patchAllisterW,osa,11,results/results.csv,0.8158482164144516,506,126,15
07/12/2021 05:12 AM,patchAllisterW,osa,11,results/results.csv,0.6971153914928436,115,29,15
07/12/2021 05:13 AM,patchAllisterW,osa,11,results/results.csv,0.8562500029802322,586,146,15
07/12/2021 05:15 AM,patchAllisterW,osa,11,results/results.csv,0.883333332836628,166,42,15
07/12/2021 05:18 AM,patchAllisterW,osa,11,results/results.csv,0.7270833253860474,339,85,15
07/12/2021 05:20 AM,patchAllisterW,osa,11,results/results.csv,0.6916666626930237,339,85,15
07/12/2021 05:21 AM,patchAllisterW,osa,11,results/results.csv,0.5333333313465118,339,85,15
07/12/2021 05:22 AM,patchAllisterW,osa,12,results/results.csv,0.41874998807907104,104,26,15
07/12/2021 05:23 AM,patchAllisterW,osa,12,results/results.csv,0.78125,75,19,15
07/12/2021 05:25 AM,patchAllisterW,osa,12,results/results.csv,0.7083333134651184,282,70,15
07/12/2021 05:27 AM,patchJeffB,osa,1,results/results.csv,0.6428571343421936,54,14,15
07/12/2021 05:27 AM,patchJeffB,osa,1,results/results.csv,0.6666666567325592,35,9,15
07/12/2021 05:28 AM,patchJeffB,osa,1,results/results.csv,0.5555555522441864,35,9,15
07/12/2021 05:28 AM,patchJeffB,osa,1,results/results.csv,0.8333333283662796,46,12,15
07/12/2021 05:32 AM,patchJeffB,osa,1,results/results.csv,0.8333333283662796,46,12,15
07/12/2021 05:38 AM,dreams,osa,2,results/results.csv,0.7356481552124023,573,143,15
07/12/2021 05:43 AM,dreams,osa,8,results/results.csv,0.7736111283302307,1146,287,15
07/12/2021 05:44 AM,dreams,osa,11,results/results.csv,0.7625000029802322,211,53,15
07/12/2021 05:46 AM,dreams,osa,11,results/results.csv,0.5994318127632141,107,27,15
07/12/2021 05:47 AM,dreams,osa,11,results/results.csv,0.7582417577505112,796,199,15
07/12/2021 05:49 AM,dreams,osa,11,results/results.csv,0.7590909004211426,660,165,15
07/12/2021 05:52 AM,patchJeffB,osa,1,results/results.csv,0.45454543828964233,45,11,15
07/12/2021 11:25 AM,dreams,osa,8,results/results.csv,0.6577380895614624,349,87,15
07/12/2021 12:29 PM,dreams,osa,3,results/results.csv,0.738095223903656,170,42,15
07/12/2021 12:31 PM,dreams,osa,3,results/results.csv,0.8333333283662796,74,18,15
07/12/2021 12:33 PM,dreams,osa,2,results/results.csv,0.5,40,10,15
07/12/2021 12:37 PM,dreams,osa,3,results/results.csv,0.7271012961864471,885,221,15
07/12/2021 12:56 PM,dreams,osa,3,results/results.csv,0.8837209269404411,173,43,15
07/12/2021 12:58 PM,dreams,osa,3,results/results.csv,0.7378472089767456,525,131,15
07/12/2021 13:01 PM,dreams,osa,3,results/results.csv,0.6853918433189392,507,127,15
07/12/2021 13:03 PM,dreams,osa,3,results/results.csv,0.7204861044883728,538,134,15
07/12/2021 13:05 PM,dreams,osa,1,results/results.csv,0.7407407462596893,214,54,15
07/12/2021 13:13 PM,dreams,osa,1,results/results.csv,0.6666666567325592,214,54,15
07/12/2021 14:56 PM,dreams,osa,1,results/results.csv,0.5909090936183929,176,44,15
07/12/2021 14:57 PM,dreams,osa,1,results/results.csv,0.6818181872367859,176,44,15
07/12/2021 21:19 PM,dreams,osa,1Box,results/results.csv,0.9427083320915699,306,76,15
07/12/2021 21:22 PM,dreams,osa,1Box,results/results.csv,0.9765625,306,76,15
07/12/2021 21:23 PM,dreams,osa,1Box,results/results.csv,0.6458333134651184,306,76,15
07/12/2021 21:32 PM,dreams,osa,1Box,results/results.csv,0.96875,306,76,15
07/12/2021 21:33 PM,dreams,osa,1Box,results/results.csv,0.9375,306,76,15
07/12/2021 21:34 PM,dreams,osa,2Box,results/results.csv,0.8125,104,26,15
07/12/2021 21:36 PM,dreams,osa,3Box,results/results.csv,0.9296875,537,134,15
07/12/2021 21:37 PM,dreams,osa,4Box,results/results.csv,0.8392857164144516,474,119,15
07/12/2021 21:38 PM,dreams,osa,5Box,results/results.csv,0.9017857164144516,493,123,15
07/12/2021 21:42 PM,dreams,osa,6Box,results/results.csv,0.875,101,25,20
07/12/2021 21:44 PM,dreams,osa,7Box,results/results.csv,0.9479166679084301,427,107,20
07/12/2021 21:47 PM,dreams,osa,9Box,results/results.csv,0.8333333283662796,199,50,20
07/12/2021 21:49 PM,dreams,osa,9Box,results/results.csv,0.875,199,50,30
07/12/2021 22:10 PM,dreams,osa,1,results/results.csv,nan,152,38,15
07/12/2021 22:22 PM,dreams,osa,1,results/results.csv,nan,213,53,15
07/12/2021 22:39 PM,dreams,osa,3,results/results.csv,nan,86,22,15
07/12/2021 22:42 PM,dreams,osa,1,results/results.csv,0.71875,294,74,15
07/12/2021 22:43 PM,dreams,osa,1,results/results.csv,nan,219,55,15
07/12/2021 22:45 PM,dreams,osa,1,results/results.csv,0.6875,219,55,15
07/12/2021 22:53 PM,dreams,osa,1,results/results.csv,0.71875,181,45,15
07/12/2021 22:56 PM,dreams,osa,1,results/results.csv,0.5,102,26,15
07/12/2021 22:57 PM,dreams,osa,1,results/results.csv,0.7291666567325592,219,55,15
07/12/2021 23:01 PM,dreams,osa,1,results/results.csv,0.979166666045785,219,55,15
07/12/2021 23:03 PM,dreams,osa,3,results/results.csv,0.9453125,522,130,15
07/12/2021 23:15 PM,dreams,osa,1,results/results.csv,0.9166666641831398,219,55,15
07/12/2021 23:20 PM,dreams,osa,4,results/results.csv,0.71875,266,66,15
07/12/2021 23:22 PM,dreams,osa,5,results/results.csv,0.875,707,177,15
07/12/2021 23:24 PM,dreams,osa,6,results/results.csv,0.9375,66,16,15
07/12/2021 23:26 PM,dreams,osa,7,results/results.csv,0.7125000059604645,334,84,15
07/12/2021 23:30 PM,dreams,osa,9,results/results.csv,0.90625,144,36,15
07/13/2021 01:27 AM,dreams,osa,1,results/results.csv,0.7083333432674408,219,55,30
07/13/2021 01:28 AM,dreams,osa,2,results/results.csv,nan,48,12,30
07/13/2021 01:30 AM,dreams,osa,3,results/results.csv,0.671875,522,130,30
07/13/2021 01:32 AM,dreams,osa,4,results/results.csv,0.703125,266,66,30
07/13/2021 01:34 AM,dreams,osa,5,results/results.csv,0.7215909063816071,707,177,30
07/13/2021 01:35 AM,dreams,osa,6,results/results.csv,0.4375,66,16,30
07/13/2021 01:36 AM,dreams,osa,7,results/results.csv,0.7750000059604645,334,84,30
07/13/2021 12:58 PM,dreams,osa,1,results/results.csv,0.7916666716337204,219,55,30
07/13/2021 13:02 PM,mit,osa,37Box,results/results.csv,0.8258928507566452,941,235,15
07/13/2021 13:09 PM,dublin,osa,3Box,results/results.csv,nan,58,14,15
07/13/2021 13:25 PM,dublin,osa,6Box,results/results.csv,1.0,94,24,15
07/13/2021 13:25 PM,dublin,osa,7Box,results/results.csv,nan,29,7,15
07/13/2021 13:26 PM,dublin,osa,9Box,results/results.csv,nan,22,6,15
07/13/2021 13:26 PM,dublin,osa,12Box,results/results.csv,0.9375,64,16,15
07/13/2021 13:45 PM,dublin,osa,25Box,results/results.csv,0.71875,280,70,15
07/13/2021 13:46 PM,dublin,osa,27Box,results/results.csv,0.8375000059604645,686,172,15
07/13/2021 13:47 PM,dublin,osa,28Box,results/results.csv,0.734375,312,78,15
07/13/2021 13:51 PM,mit,osa,37Box,results/results.csv,0.8169642835855484,941,235,15
07/13/2021 13:53 PM,mit,osa,61Box,results/results.csv,0.9125000014901161,370,92,15
07/13/2021 14:01 PM,dublin,osa,3Box,results/results.csv,0.859375,559,140,15
07/13/2021 14:02 PM,dublin,osa,12Box,results/results.csv,0.7708333283662796,243,61,15
07/13/2021 14:06 PM,dublin,osa,12Box,results/results.csv,0.7916666716337204,243,61,30
07/13/2021 14:11 PM,patchAllisterW,osa,11Box,results/results.csv,0.65625,265,66,15
07/13/2021 14:15 PM,patchAllisterW,osa,11Box,results/results.csv,0.734375,265,66,15
07/13/2021 14:20 PM,dublin,osa,3Box,results/results.csv,0.6875,559,140,15
07/13/2021 16:41 PM,dreams,osa,1,results/results.csv,nan,30,8,15
07/13/2021 16:43 PM,dreams,osa,3,results/results.csv,nan,40,10,15
07/13/2021 16:46 PM,dreams,osa,3,results/results.csv,nan,40,10,15
07/13/2021 16:48 PM,dreams,osa,5,results/results.csv,0.875,86,22,15
07/13/2021 16:49 PM,dreams,osa,7,results/results.csv,0.96875,149,37,15
07/13/2021 16:50 PM,dreams,osa,9,results/results.csv,0.9375,152,38,15
07/13/2021 16:52 PM,dreams,osa,10,results/results.csv,0.7750000059604645,365,91,15
07/13/2021 16:53 PM,dreams,osa,2,results/results.csv,nan,48,12,15
07/13/2021 16:57 PM,dreams,osa,2,results/results.csv,nan,48,12,15
07/13/2021 17:00 PM,dreams,osa,1,results/results.csv,0.875,78,20,15
07/13/2021 17:05 PM,dreams,osa,7,results/results.csv,0.9166666641831398,391,98,15
07/13/2021 17:06 PM,dreams,osa,9,results/results.csv,0.9375,144,36,15
07/13/2021 17:15 PM,dreams,osa,1,results/results.csv,0.8541666716337204,219,55,15
07/13/2021 17:19 PM,dreams,osa,2,results/results.csv,nan,48,12,15
07/13/2021 17:23 PM,dreams,osa,3,results/results.csv,0.9090909063816071,735,184,15
07/13/2021 17:26 PM,dreams,osa,4,results/results.csv,0.890625,266,66,15
07/13/2021 17:33 PM,dreams,osa,1,results/results.csv,0.8958333358168602,219,55,15
07/13/2021 17:39 PM,dreams,osa,1,results/results.csv,0.8333333283662796,219,55,15
07/13/2021 17:42 PM,dreams,osa,3,results/results.csv,0.9431818164885044,735,184,15
07/13/2021 17:45 PM,dreams,osa,5,results/results.csv,0.90625,828,207,15
07/13/2021 17:47 PM,dreams,osa,7,results/results.csv,0.9624999985098839,334,84,15
07/13/2021 17:49 PM,dreams,osa,9,results/results.csv,0.96875,144,36,15
07/13/2021 17:51 PM,dreams,osa,4,results/results.csv,0.921875,266,66,15
07/13/2021 17:59 PM,dreams,osa,1,results/results.csv,0.8333333283662796,219,55,15
07/13/2021 18:01 PM,dreams,osa,3,results/results.csv,0.9261363670229912,735,184,15
07/13/2021 18:02 PM,dreams,osa,1,results/results.csv,0.8958333358168602,219,55,15
07/13/2021 21:48 PM,dreams,osa,1,results/results.csv,0.8541666716337204,250,62,15
07/13/2021 21:51 PM,dreams,osa,3,results/results.csv,0.7777777761220932,632,158,15
07/13/2021 21:54 PM,dreams,osa,5,results/results.csv,0.8571428507566452,942,236,15
07/13/2021 21:57 PM,dreams,osa,7,results/results.csv,0.8624999970197678,334,84,15
07/13/2021 22:30 PM,dreams,osa,9,results/results.csv,0.875,144,36,15
07/16/2021 13:32 PM,patchAllisterW,osa,11Box,results/results.csv,0.609375,257,64,15
07/16/2021 13:38 PM,mit,osa,61Box,results/results.csv,0.8624999970197678,370,92,15
07/16/2021 13:40 PM,mit,osa,37Box,results/results.csv,0.8348214328289032,941,235,15
07/16/2021 13:47 PM,dublin,osa,3Box,results/results.csv,0.7890625,559,140,20
07/16/2021 14:02 PM,patchAllisterW,osa,11Box,results/results.csv,0.734375,290,72,15
07/16/2021 14:03 PM,patchAllisterW,osa,11Box,results/results.csv,0.84375,290,72,10
07/16/2021 14:03 PM,patchAllisterW,osa,11Box,results/results.csv,0.828125,290,72,7
07/16/2021 14:04 PM,patchAllisterW,osa,11Box,results/results.csv,0.875,290,72,7
07/16/2021 14:04 PM,patchAllisterW,osa,11Box,results/results.csv,0.71875,257,64,7
07/16/2021 14:05 PM,patchAllisterW,osa,11Box,results/results.csv,0.703125,257,64,9
07/16/2021 14:05 PM,patchAllisterW,osa,11Box,results/results.csv,0.859375,290,72,9
07/16/2021 14:05 PM,patchAllisterW,osa,11Box,results/results.csv,0.78125,290,72,15
07/16/2021 14:08 PM,patchAllisterW,osa,11Box,results/results.csv,0.71875,255,64,8
07/16/2021 14:09 PM,patchAllisterW,osa,11Box,results/results.csv,0.84375,255,64,8
07/16/2021 14:13 PM,patchAllisterW,osa,11Box,results/results.csv,0.78125,255,64,8
07/16/2021 14:14 PM,patchAllisterW,osa,11Box,results/results.csv,0.828125,255,64,15
07/16/2021 14:14 PM,patchAllisterW,osa,11Box,results/results.csv,0.84375,255,64,20
07/16/2021 14:16 PM,patchAllisterW,osa,11Box,results/results.csv,0.875,255,64,20
07/16/2021 14:19 PM,patchAllisterW,osa,11Box,results/results.csv,0.859375,255,64,10
07/16/2021 14:20 PM,patchAllisterW,osa,11Box,results/results.csv,0.765625,255,64,10
07/16/2021 14:20 PM,patchAllisterW,osa,11Box,results/results.csv,0.8125,255,64,10
07/16/2021 14:21 PM,patchAllisterW,osa,11Box,results/results.csv,0.796875,255,64,39
07/16/2021 14:23 PM,patchAllisterW,osa,11Box,results/results.csv,0.703125,255,64,20
07/16/2021 14:59 PM,patchAllisterW,osa,11,results/results.csv,nan,86,22,10
07/16/2021 18:03 PM,dreams,osa,3,results/results.csv,0.90625,534,133,13
07/16/2021 18:04 PM,patchAllisterW,osa,11,results/results.csv,nan,155,39,10
07/16/2021 18:08 PM,patchAllisterW,osa,11,results/results.csv,0.78125,155,39,10
07/16/2021 18:09 PM,patchAllisterW,osa,5,results/results.csv,nan,8,2,10
07/16/2021 18:10 PM,patchAllisterW,osa,9,results/results.csv,0.75,62,16,10
07/16/2021 18:11 PM,patchAllisterW,osa,9,results/results.csv,0.9375,198,50,10
07/16/2021 18:12 PM,patchAllisterW,osa,9,results/results.csv,1.0,198,50,10
07/16/2021 18:15 PM,patchAllisterW,osa,11,results/results.csv,1.0,387,97,10
07/16/2021 18:19 PM,patchAllisterW,osa,11,results/results.csv,1.0,387,97,5
07/16/2021 18:29 PM,patchAllisterW,osa,10,results/results.csv,1.0,426,106,5
07/16/2021 18:34 PM,patchAllisterW,osa,10,results/results.csv,1.0,426,106,5
07/16/2021 18:37 PM,patchAllisterW,osa,11,results/results.csv,0.84375,155,39,5
07/16/2021 18:39 PM,dreams,osa,3,results/results.csv,0.8671875,535,134,5
07/16/2021 18:42 PM,dreams,osa,3,results/results.csv,0.9453125,535,134,5
07/16/2021 18:42 PM,patchAllisterW,osa,1,results/results.csv,nan,20,5,11
07/16/2021 18:44 PM,patchAllisterW,osa,11,results/results.csv,1.0,155,39,10
07/16/2021 18:47 PM,patchAllisterW,osa,8,results/results.csv,nan,11,3,10
07/16/2021 18:48 PM,patchAllisterW,osa,9,results/results.csv,0.9375,62,16,10
07/16/2021 18:49 PM,patchAllisterW,osa,123,results/results.csv,1.0,66,16,10
07/16/2021 19:02 PM,mit,osa,37,results/results.csv,0.9583333320915699,118,30,10
07/16/2021 19:07 PM,patchAllisterW,osa,8,results/results.csv,nan,11,3,10
07/16/2021 19:07 PM,patchAllisterW,osa,9,results/results.csv,1.0,62,16,10
07/16/2021 19:12 PM,patchAllisterW,osa,9,results/results.csv,0.9375,85,21,10
07/16/2021 19:13 PM,patchAllisterW,osa,10,results/results.csv,0.9624999985098839,336,84,10
07/16/2021 19:16 PM,patchAllisterW,osa,10,results/results.csv,1.0,336,84,10
07/16/2021 19:17 PM,patchAllisterW,osa,12,results/results.csv,0.974999999627471,187,47,10
07/16/2021 20:24 PM,patchAllisterW,osa,123,results/results.csv,nan,76,19,10
07/16/2021 20:25 PM,patchAllisterW,osa,6,results/results.csv,nan,111,28,10
07/16/2021 20:27 PM,patchAllisterW,osa,6,results/results.csv,0.5416666567325592,111,28,10
07/16/2021 20:28 PM,patchAllisterW,osa,11,results/results.csv,1.0,298,74,10
07/16/2021 20:29 PM,patchAllisterW,osa,8,results/results.csv,1.0,32,8,10
07/16/2021 20:30 PM,patchAllisterW,osa,6,results/results.csv,0.5416666567325592,111,28,10
07/16/2021 20:31 PM,patchAllisterW,osa,6,results/results.csv,0.5,111,28,10
07/16/2021 20:31 PM,patchAllisterW,osa,6,results/results.csv,0.5,111,28,10
07/16/2021 20:32 PM,patchAllisterW,osa,6,results/results.csv,0.9583333320915699,111,28,10
07/17/2021 00:21 AM,patchAllisterW,osa,10,results/results.csv,0.9624999985098839,336,84,4
07/17/2021 00:25 AM,patchAllisterW,osa,1,results/results.csv,nan,21,5,5
07/17/2021 00:27 AM,dreams,osa,1,results/results.csv,0.9821428563445807,234,58,5
07/17/2021 00:30 AM,dreams,osa,2,results/results.csv,1.0,85,21,5
07/17/2021 00:33 AM,dreams,osa,3,results/results.csv,1.0,567,142,5
07/17/2021 00:35 AM,dreams,osa,4,results/results.csv,1.0,67,17,5
07/17/2021 00:39 AM,dreams,osa,5,results/results.csv,0.5480769276618958,837,209,5
07/17/2021 00:41 AM,dreams,osa,5,results/results.csv,1.0,837,209,5
07/17/2021 00:43 AM,dreams,osa,7,results/results.csv,1.0,250,62,5
07/17/2021 00:46 AM,dreams,osa,9,results/results.csv,0.4910714030265808,458,114,5
07/17/2021 00:49 AM,dreams,osa,9,results/results.csv,0.3928571343421936,458,114,5
07/17/2021 00:54 AM,dreams,osa,9,results/results.csv,0.5729166567325592,458,114,5
07/17/2021 00:57 AM,dreams,osa,9,results/results.csv,0.53125,458,114,5
07/17/2021 00:58 AM,dreams,osa,7,results/results.csv,0.53125,250,62,5
07/17/2021 01:00 AM,dreams,osa,7,results/results.csv,0.53125,250,62,5
07/17/2021 01:06 AM,dreams,osa,7,results/results.csv,0.3125,250,62,5
07/17/2021 01:08 AM,dreams,osa,1,results/results.csv,0.375,234,58,15
07/17/2021 01:14 AM,dreams,osa,1,results/results.csv,1.0,234,58,15
07/17/2021 01:18 AM,dreams,osa,3,results/results.csv,1.0,567,142,15
07/17/2021 01:20 AM,dreams,osa,5,results/results.csv,1.0,837,209,15
07/17/2021 01:24 AM,dreams,osa,7,results/results.csv,1.0,250,62,15
07/17/2021 01:26 AM,dreams,osa,9,results/results.csv,1.0,458,114,15
07/17/2021 01:28 AM,dreams,osa,11,results/results.csv,1.0,234,58,15
07/17/2021 01:31 AM,dreams,osa,11,results/results.csv,1.0,234,58,15
07/17/2021 01:35 AM,dreams,osa,2,results/results.csv,1.0,85,21,15
07/17/2021 01:38 AM,dreams,osa,6,results/results.csv,1.0,96,24,15
07/17/2021 01:40 AM,patchAllisterW,osa,123,results/results.csv,0.5625,76,19,15
07/17/2021 01:51 AM,patchAllisterW,osa,10,results/results.csv,0.9874999998137355,336,84,15
07/17/2021 01:53 AM,patchAllisterW,osa,11,results/results.csv,0.9861111110076308,298,74,15
07/17/2021 01:55 AM,patchAllisterW,osa,12,results/results.csv,1.0,187,47,15
07/17/2021 01:57 AM,patchAllisterW,osa,12,results/results.csv,0.9249999970197678,187,47,15
07/17/2021 02:13 AM,patchAllisterW,osa,16,results/results.csv,0.9545454531908035,351,88,15
07/17/2021 02:15 AM,patchAllisterW,osa,16,results/results.csv,0.9204545468091965,351,88,15
07/17/2021 02:20 AM,patchAllisterW,osa,17,results/results.csv,0.9722222220152617,310,78,15
07/17/2021 02:22 AM,patchAllisterW,osa,17,results/results.csv,0.96875,310,78,15
07/17/2021 02:36 AM,patchAllisterW,osa,13,results/results.csv,0.96875,163,41,10
07/17/2021 02:44 AM,patchAllisterW,osa,13,results/results.csv,0.9375,163,41,10
07/17/2021 11:00 AM,patchAllisterW,osa,16,results/results.csv,0.953125,351,88,10
07/17/2021 13:45 PM,patchAllisterW,osa,10,results/results.csv,0.6136363744735718,368,92,10
07/17/2021 13:51 PM,patchAllisterW,osa,11,results/results.csv,0.9624999985098839,334,84,10
07/17/2021 13:52 PM,patchAllisterW,osa,12,results/results.csv,0.8958333358168602,215,54,10
07/17/2021 13:54 PM,patchAllisterW,osa,13,results/results.csv,0.96875,276,69,10
07/17/2021 13:58 PM,patchAllisterW,osa,16,results/results.csv,0.8791666701436043,245,244,10
07/17/2021 13:59 PM,patchAllisterW,osa,14,results/results.csv,0.875,54,14,10
07/17/2021 14:00 PM,patchAllisterW,osa,17,results/results.csv,0.9212962985038757,219,218,10
07/17/2021 14:02 PM,patchAllisterW,osa,16,results/results.csv,0.8791666701436043,245,244,10
07/17/2021 17:19 PM,patchAllisterW,osa,15,results/results.csv,0.5347222089767456,145,145,10
07/17/2021 17:21 PM,patchAllisterW,osa,15,results/results.csv,0.5277777910232544,145,145,10
07/17/2021 17:57 PM,dreams,osa,1,results/results.csv,nan,5,1,15
07/17/2021 18:02 PM,dreams,osa,1,results/results.csv,0.9821428563445807,234,58,10
07/17/2021 18:06 PM,dreams,osa,2,results/results.csv,0.9375,85,21,10
07/17/2021 18:08 PM,dreams,osa,2,results/results.csv,1.0,85,21,10
07/17/2021 18:12 PM,dreams,osa,1,results/results.csv,1.0,234,58,10
07/17/2021 18:16 PM,dreams,osa,3,results/results.csv,0.993421052582562,610,152,10
07/17/2021 18:24 PM,dreams,osa,1,results/results.csv,0.9285714253783226,234,58,10
07/17/2021 18:28 PM,dreams,osa,4,results/results.csv,1.0,67,17,10
07/17/2021 18:31 PM,dreams,osa,5,results/results.csv,0.9955357140861452,913,228,10
07/17/2021 18:33 PM,dreams,osa,7,results/results.csv,1.0,250,62,10
07/17/2021 18:38 PM,dreams,osa,9,results/results.csv,0.96875,523,131,10
07/17/2021 18:41 PM,dreams,osa,10,results/results.csv,0.9722222220152617,575,144,10
07/17/2021 18:44 PM,dreams,osa,11,results/results.csv,0.9642857126891613,234,58,10
07/17/2021 18:46 PM,dreams,osa,12,results/results.csv,0.9807692300528288,434,108,10
07/17/2021 18:49 PM,dreams,osa,3,results/results.csv,1.0,610,152,10
07/17/2021 18:58 PM,mit,osa,37,results/results.csv,0.9673913046717644,755,189,10
07/17/2021 19:00 PM,mit,osa,61,results/results.csv,0.90625,283,71,10
07/17/2021 19:06 PM,dublin,osa,3,results/results.csv,0.90625,144,36,10
07/17/2021 19:09 PM,dublin,osa,6,results/results.csv,0.75,42,10,10
07/17/2021 19:13 PM,dublin,osa,12,results/results.csv,0.921875,261,65,10
07/17/2021 19:16 PM,patchAllisterW,osa,10,results/results.csv,0.9090909063816071,368,92,10
07/17/2021 19:19 PM,patchAllisterW,osa,11,results/results.csv,0.8999999985098839,334,84,10
07/17/2021 19:20 PM,patchAllisterW,osa,12,results/results.csv,0.8958333358168602,215,54,10
07/17/2021 19:22 PM,patchAllisterW,osa,13,results/results.csv,0.9375,276,69,10
07/17/2021 19:25 PM,patchAllisterW,osa,14,results/results.csv,0.875,54,14,10
07/17/2021 19:31 PM,patchAllisterW,osa,15,results/results.csv,0.7142857015132904,232,58,10
07/17/2021 19:32 PM,patchAllisterW,osa,15,results/results.csv,0.6964285671710968,232,58,20
07/17/2021 19:34 PM,patchAllisterW,osa,16,results/results.csv,0.8854166641831398,391,98,15
07/17/2021 19:37 PM,patchAllisterW,osa,17,results/results.csv,0.8624999970197678,350,87,15
07/17/2021 19:52 PM,patchAllisterW,osa,123,results/results.csv,1.0,84,21,15
07/17/2021 19:53 PM,patchAllisterW,osa,123,results/results.csv,1.0,84,21,15
07/17/2021 19:56 PM,patchJeffB,osa,1,results/results.csv,1.0,82,20,15
07/17/2021 20:02 PM,patchAllisterW,osa,10,results/results.csv,0.9204545468091965,368,92,10
07/17/2021 20:06 PM,patchAllisterW,osa,11,results/results.csv,0.9624999985098839,334,84,10
07/17/2021 20:07 PM,patchAllisterW,osa,12,results/results.csv,0.875,215,54,10
07/17/2021 20:08 PM,patchAllisterW,osa,13,results/results.csv,0.921875,276,69,10
07/17/2021 20:10 PM,patchAllisterW,osa,15,results/results.csv,0.8035714328289032,232,58,10
07/17/2021 20:13 PM,patchAllisterW,osa,15,results/results.csv,0.7142857015132904,232,58,10
07/17/2021 20:14 PM,patchAllisterW,osa,15,results/results.csv,0.7678571492433548,232,58,10
07/17/2021 20:16 PM,patchAllisterW,osa,16,results/results.csv,0.78125,391,98,10
07/17/2021 20:17 PM,patchAllisterW,osa,17,results/results.csv,0.699999988079071,350,87,10
07/17/2021 20:18 PM,patchAllisterW,osa,11,results/results.csv,0.4624999761581421,334,84,10
07/17/2021 20:19 PM,patchAllisterW,osa,11,results/results.csv,0.9624999985098839,334,84,10
07/17/2021 20:20 PM,patchAllisterW,osa,16,results/results.csv,0.8854166641831398,391,98,10
07/17/2021 20:21 PM,patchAllisterW,osa,17,results/results.csv,0.9125000014901161,350,87,10
07/17/2021 20:23 PM,patchAllisterW,osa,15,results/results.csv,0.5357142984867096,232,58,10
07/17/2021 20:24 PM,patchAllisterW,osa,12,results/results.csv,0.9166666641831398,215,54,10
